insert into location (id, city, lat, lon, state) values (1, 'Dallas', 23.234, 65.34563, 'Usa')
insert into location (id, city, lat, lon, state) values (2, 'Curico', 18.434, 45.34563, 'Chile')
insert into location (id, city, lat, lon, state) values (3, 'Quilmes', 27.234, 55.34563, 'Argentina')
insert into location (id, city, lat, lon, state) values (4, 'La paz', 29.234, 35.34563, 'Bolivia')
insert into location (id, city, lat, lon, state) values (5, 'Sao Paulo', 33.234, 85.34563, 'Brasil')

insert into weather (id, date, location_id) values (1, '2020-01-08', 1)
insert into weather (id, date, location_id) values (2, '2020-06-18', 2)
insert into weather (id, date, location_id) values (3, '2021-01-28', 3)
insert into weather (id, date, location_id) values (4, '2021-05-04', 4)
insert into weather (id, date, location_id) values (5, '2021-11-15', 5)

insert into weather_temperature (weather_id, temperature) values (1, 11.4)
insert into weather_temperature (weather_id, temperature) values (1, 15.4)
insert into weather_temperature (weather_id, temperature) values (1, 14.4)
insert into weather_temperature (weather_id, temperature) values (1, 12.4)
insert into weather_temperature (weather_id, temperature) values (2, 11.4)
insert into weather_temperature (weather_id, temperature) values (2, 15.4)
insert into weather_temperature (weather_id, temperature) values (2, 18.4)
insert into weather_temperature (weather_id, temperature) values (2, 22.4)
insert into weather_temperature (weather_id, temperature) values (3, 21.4)
insert into weather_temperature (weather_id, temperature) values (3, 18.4)
insert into weather_temperature (weather_id, temperature) values (3, 18.4)
insert into weather_temperature (weather_id, temperature) values (3, 22.4)
insert into weather_temperature (weather_id, temperature) values (4, 11.4)
insert into weather_temperature (weather_id, temperature) values (4, 15.4)
insert into weather_temperature (weather_id, temperature) values (4, 18.4)
insert into weather_temperature (weather_id, temperature) values (4, 12.4)
insert into weather_temperature (weather_id, temperature) values (5, 21.4)
insert into weather_temperature (weather_id, temperature) values (5, 25.4)
insert into weather_temperature (weather_id, temperature) values (5, 28.4)
insert into weather_temperature (weather_id, temperature) values (5, 22.4)